Topic,ID,Start Time,File Size,Total Views,Total Downloads,Last Accessed,
DHARMAIS-Prof.EKO Meeting,895 0877 4638,"Dec 15, 2021 15:53:07",1.71 GB(5 Files),0,0,
HL7 MEETING,814 9125 1269,"Dec 15, 2021 08:48:10",464 MB(7 Files),0,0,
KIC MEETING,889 4027 5050,"Dec 14, 2021 19:10:51",672 MB(20 Files),0,0,
My Meeting,883 1463 6610,"Dec 14, 2021 15:47:55",531 MB(4 Files),0,0,
KIC IINTERVIEW,846 1106 3057,"Dec 14, 2021 11:51:15",498 MB(6 Files),0,0,
HL7 Meeting,837 2830 5261,"Dec 14, 2021 08:52:18",1.36 GB(7 Files),7,0,"Dec 14, 2021 15:56:12"
Zoom w/ ASHA IVF,825 4706 2328,"Dec 13, 2021 19:55:41",258 KB(2 Files),0,0,
My Meeting,857 1924 9680,"Dec 13, 2021 15:53:53",1.17 GB(7 Files),0,0,
Interview Final,838 0658 9631,"Dec 11, 2021 18:50:50",4 MB(2 Files),1,0,"Dec 11, 2021 21:17:34"
KIC INTERVIEW,878 9552 2959,"Dec 10, 2021 18:57:10",191 MB(6 Files),2,0,"Dec 11, 2021 21:48:41"
My Meeting,847 3291 8124,"Dec 08, 2021 15:54:01",664 MB(8 Files),0,0,
Grha Waron & IVF Meeting,823 4465 4887,"Dec 08, 2021 07:39:19",1.8 GB(8 Files),0,0,
My Meeting,864 0658 0272,"Dec 07, 2021 15:51:47",3.6 GB(7 Files),0,0,
Riview Rencana Kerja Minggu_49 dan Laporan Kerja Harian,825 8649 0502,"Dec 06, 2021 15:57:02",963 MB(5 Files),0,0,
"Talkshow & Workshop"" Hospital HVAC System During Endemic Covid 19""",871 2953 9064,"Dec 04, 2021 07:01:45",5.1 GB(8 Files),54,8,"Dec 09, 2021 21:06:53"
lpo,879 0824 4860,"Dec 03, 2021 23:55:45",7 MB(2 Files),0,0,
GR 3 Desember 2021,863 5806 2067,"Dec 03, 2021 20:13:11",1.95 GB(4 Files),0,0,
GR 3 Desember 2021,863 5806 2067,"Dec 03, 2021 20:12:49",78 KB(2 Files),0,0,
GR 3 Desember 2021,863 5806 2067,"Dec 03, 2021 15:03:05",1 GB(3 Files),0,0,
RANDOMIZER MEETING,890 0601 2581,"Dec 03, 2021 09:39:11",134 MB(6 Files),0,0,
Zoom Koordinasi KIC-DAIKIN-ORVA,816 9286 7120,"Dec 03, 2021 07:55:46",1.27 GB(6 Files),9,0,"Dec 03, 2021 15:08:38"
Mari Berkarya,858 9420 1294,"Dec 02, 2021 21:49:38",1 MB(4 Files),0,0,
Zoom w/ ASHA IVF terkait kontrak,824 8459 8671,"Dec 02, 2021 19:25:24",1.67 GB(7 Files),0,0,
My Meeting,879 6419 6787,"Dec 02, 2021 15:11:47","1,005 MB"(5 Files),0,0,
Diskusi Persiapan IVF,829 3729 2651,"Dec 02, 2021 15:11:35",0 B,0,0,
Persiapan Meeting MEP,861 0698 8728,"Dec 02, 2021 13:16:29",183 MB(4 Files),0,0,
IVF MEETING,896 8553 7007,"Dec 01, 2021 19:50:20",451 MB(6 Files),0,0,
MY MEETING,827 0220 9293,"Dec 01, 2021 16:12:18",544 MB(6 Files),0,0,
Diskusi Integrasi Hardware dengan Smart Hospital,872 2616 5390,"Dec 01, 2021 07:27:27",1.17 GB(5 Files),2,1,"Dec 01, 2021 11:27:39"
Diskusi Integrasi Hardware dengan Smart Hospital,872 2616 5390,"Dec 01, 2021 07:23:52",480 KB(2 Files),0,0,
Meeting,883 1141 6255,"Nov 30, 2021 19:13:56",288 MB(7 Files),0,0,
My Meeting,833 2886 2748,"Nov 30, 2021 15:55:40",688 MB(7 Files),0,0,
IVF MEETING,881 5059 8145,"Nov 29, 2021 19:51:42",738 MB(6 Files),0,0,
My Meeting,872 2897 6509,"Nov 29, 2021 15:41:18",930 MB(7 Files),0,0,
My Meeting,854 5801 0001,"Nov 29, 2021 14:28:50",5 MB(2 Files),0,0,
PTPI MEETING,846 9175 4391,"Nov 28, 2021 19:57:59",514 KB(2 Files),0,0,
gr2,858 1984 1045,"Nov 27, 2021 14:28:30",761 MB(4 Files),0,0,
Karya Indonesia Cerdas's Personal Meeting Room,990 491 9154,"Nov 27, 2021 09:18:24",2.86 GB(6 Files),0,0,
IVF MEETING,899 7599 9904,"Nov 26, 2021 19:54:39",256 MB(8 Files),0,0,
My Meeting,870 9414 9806,"Nov 26, 2021 15:37:36",761 MB(7 Files),0,0,
REVIEW THESIS,865 8060 6760,"Nov 26, 2021 09:45:59",490 MB(6 Files),11,4,"Nov 27, 2021 11:15:01"
KIC INTERVIEW,872 5453 4064,"Nov 25, 2021 19:26:21",170 MB(6 Files),0,0,
My Meeting,890 3308 4905,"Nov 25, 2021 15:55:23",507 KB(2 Files),0,0,
IVF MEETING,897 0405 7130,"Nov 24, 2021 19:53:56",414 MB(6 Files),0,0,
My Meeting,838 6749 0318,"Nov 24, 2021 15:35:22",658 MB(7 Files),0,0,
IVF MEETING,825 7920 9690,"Nov 23, 2021 20:07:47",562 MB(7 Files),0,0,
IVF MEETING,825 7920 9690,"Nov 23, 2021 20:06:47",228 KB(2 Files),0,0,
KIC INTERVIEW,843 8897 9748,"Nov 23, 2021 19:23:17",603 KB(2 Files),0,0,
My Meeting,882 9578 8529,"Nov 23, 2021 15:53:13",800 MB(12 Files),0,0,
KLINIK IVF,896 6152 6403,"Nov 22, 2021 20:49:01",652 MB(7 Files),0,0,
My Meeting,829 7863 6209,"Nov 22, 2021 15:47:24",607 MB(7 Files),0,0,
Rapat Koordinasi dengan Narasumber,851 7862 2635,"Nov 20, 2021 13:50:18",1.13 GB(8 Files),0,0,
Zoom Pembahasan Perjanjian Kerjasama Software IVF,876 8954 6749,"Nov 19, 2021 12:53:54",1.3 GB(7 Files),0,0,
Zoom Pembahasan Perjanjian Kerjasama Software IVF,876 8954 6749,"Nov 18, 2021 20:29:50",408 KB(2 Files),0,0,
My Meeting,842 3799 2090,"Nov 18, 2021 15:48:38",720 MB(6 Files),0,0,
Interview,864 9555 2927,"Nov 17, 2021 18:50:44",833 MB(8 Files),0,0,
My Meeting,846 8418 2107,"Nov 17, 2021 15:45:17",1.15 GB(7 Files),0,0,
Interview,870 2883 1515,"Nov 16, 2021 19:03:41",618 MB(5 Files),0,0,
my meeting,816 3770 2212,"Nov 16, 2021 15:59:15",90 MB(6 Files),0,0,
interview_2,879 9237 8537,"Nov 15, 2021 19:49:36",510 MB(4 Files),0,0,
Meeting,881 7268 2538,"Nov 15, 2021 16:02:20",766 MB(5 Files),0,0,
Pendataan dan Dokumentasi Proyek online bersama Prof. Eko,889 7785 1567,"Nov 13, 2021 11:26:50",1.06 GB(5 Files),1,0,"Nov 15, 2021 08:53:03"
wawancara,831 8594 2338,"Nov 12, 2021 18:53:17",1.09 GB(16 Files),1,0,"Nov 15, 2021 08:49:18"
Zoom Pembahasan Smart Klinik IVF,895 2943 7478,"Nov 12, 2021 14:55:54",1.52 GB(7 Files),1,0,"Nov 15, 2021 08:54:20"
Zoom Pembahasan Smart Klinik IVF,895 2943 7478,"Nov 12, 2021 14:49:09",3 MB(2 Files),0,0,
Karya Indonesia Cerdas' Zoom Meeting,895 8827 2916,"Nov 11, 2021 19:38:39",365 MB(7 Files),0,0,
My Meeting,818 7335 1001,"Nov 11, 2021 15:54:01",662 MB(7 Files),0,0,
My meeting,834 8871 0342,"Nov 10, 2021 15:55:06",861 MB(7 Files),0,0,
Zoom Pembahasan Event colabs 4/11/2021,842 5538 6097,"Nov 09, 2021 14:52:39",1.09 GB(5 Files),1,0,"Nov 10, 2021 08:17:05"
Zoom dengan dr. Amang pembahasan klinik baru IVF,897 5002 7338,"Nov 08, 2021 14:08:32",1.82 GB(6 Files),3,0,"Nov 10, 2021 08:49:11"
Webinar Forum Teknik Perumahsakitan Hari ke 3,865 2598 7402,"Nov 06, 2021 07:10:11",12.79 GB(12 Files),1,17,"Nov 26, 2021 14:26:07"
Persiapan Closing,873 0285 1540,"Nov 05, 2021 16:31:18",989 KB(2 Files),0,0,
Tes Media Closing,895 9431 4368,"Nov 05, 2021 13:55:43",481 KB(2 Files),0,0,
Interview,820 5679 6357,"Nov 05, 2021 12:54:33",1 MB(2 Files),0,0,
Interview,845 9699 3223,"Nov 05, 2021 07:54:17",137 MB(2 Files),0,0,
Gladi Resik HEF Hari 3,844 2418 2870,"Nov 04, 2021 22:34:09",41 MB(2 Files),0,0,
Gladi Resik HEF Hari 3,844 2418 2870,"Nov 04, 2021 18:54:21",3.2 GB(6 Files),0,0,
My Meeting,825 1160 7869,"Nov 04, 2021 15:57:46",1.62 GB(6 Files),0,0,
Interview,825 8234 4741,"Nov 04, 2021 12:27:39",302 MB(4 Files),0,0,
Simulasi Closing,861 8147 0364,"Nov 03, 2021 20:48:44",536 KB(2 Files),1,0,"Nov 04, 2021 09:36:19"
Interview,845 2136 9526,"Nov 03, 2021 18:00:34","1,003 MB"(5 Files),1,0,"Nov 04, 2021 09:35:44"
Zoom dengan KAN,815 9135 6869,"Nov 03, 2021 17:11:05",199 MB(4 Files),1,0,"Nov 04, 2021 09:17:11"
Prepare Meeting dengan dr. Amang,813 5924 8845,"Nov 03, 2021 15:56:16",261 MB(7 Files),0,0,
Gladi Kotor Seminar PTPI,867 5600 8130,"Nov 02, 2021 19:53:40",740 KB(2 Files),0,0,
Gladi Kotor Seminar PTPI,867 5600 8130,"Nov 02, 2021 18:43:49",775 MB(7 Files),0,0,
PERSIAPAN HEF HARI 3,889 8148 3487,"Nov 02, 2021 15:54:54",539 KB(2 Files),0,0,
My Meeting,899 9236 7536,"Nov 01, 2021 15:56:04",13 MB(2 Files),0,0,
Persiapan Seminar PTPI,817 3464 2523,"Oct 30, 2021 13:44:02",3.04 GB(6 Files),0,0,
Interview,897 5291 6377,"Oct 29, 2021 09:07:02",491 MB(4 Files),0,0,
Zoom Smart Klinik untuk IVF,846 3619 9446,"Oct 28, 2021 10:00:24",1.13 GB(6 Files),3,0,"Nov 04, 2021 09:37:18"
Rapat PTPI,864 4510 2645,"Oct 23, 2021 12:51:43",1.47 GB(5 Files),0,0,
Zoom dengan PT. Paramount Bed,830 7203 7260,"Oct 19, 2021 13:26:29",220 MB(4 Files),0,0,
Update Progress,831 2667 0888,"Oct 18, 2021 18:26:47",275 KB(2 Files),1,0,"Oct 19, 2021 10:13:58"
Update Progress,831 2667 0888,"Oct 18, 2021 16:51:43",556 MB(5 Files),2,1,"Oct 19, 2021 10:17:41"
Update Progress,831 2667 0888,"Oct 18, 2021 16:50:53",282 KB(2 Files),4,2,"Oct 19, 2021 10:13:01"
Update Progress,831 2667 0888,"Oct 18, 2021 15:58:16",313 MB(5 Files),1,0,"Oct 19, 2021 10:09:17"
Webinar Series - Hospital Engineering Forum 2021,856 0086 9738,"Oct 16, 2021 06:55:54",3.33 GB(8 Files),8,9,"Nov 04, 2021 17:54:35"
Gladi Resik ,815 5471 5350,"Oct 15, 2021 14:58:09",1.11 GB(5 Files),0,0,
Zoom dengan Pak Indra,889 0512 1410,"Oct 15, 2021 13:58:46",285 MB(4 Files),0,0,
Technical Meeting Ruang Konsultasi,874 1035 5274,"Oct 15, 2021 10:32:14",933 MB(6 Files),0,0,
Gladi Resik ,860 9471 6841,"Oct 14, 2021 19:49:51",1.68 GB(6 Files),0,0,
Penjelasan HEF 2021 to Panasonic Gobel Indonesia,873 8463 6332,"Oct 14, 2021 13:25:34",841 MB(5 Files),0,0,
Penjelasan HEF 2021 to SCHNEIDER INDONESIA,892 0908 2038,"Oct 14, 2021 10:56:18",609 MB(6 Files),0,0,
Zoom dengan Pak Indra,869 7422 5617,"Oct 14, 2021 08:26:24",1.12 GB(4 Files),0,0,
Zoom Meeting dengan PT Jarwinn,893 5007 5264,"Oct 13, 2021 09:55:47",1.61 GB(5 Files),0,0,
Gladi Kotor,836 2842 1294,"Oct 12, 2021 18:59:46",801 MB(5 Files),1,0,"Oct 14, 2021 08:24:32"
My Meeting,811 9622 7914,"Oct 12, 2021 08:29:42",213 MB(2 Files),0,0,
Interview,830 0221 7515,"Oct 11, 2021 18:55:08",1.45 GB(5 Files),0,0,
Zoom Prof Eko dan Dr. Daniel,874 6109 3985,"Oct 11, 2021 14:30:15",223 MB(5 Files),0,0,
Zoom Prof Eko dan Dr. Daniel,874 6109 3985,"Oct 11, 2021 14:24:21",21 MB(2 Files),0,0,
Rapat Forum Teknik Perumahsakitan 2021,834 1890 7830,"Oct 09, 2021 13:52:20",1.96 GB(6 Files),3,1,"Oct 11, 2021 14:16:48"
Grha Waroon Meeting,874 6070 4201,"Oct 08, 2021 19:28:16",2.85 GB(6 Files),9,2,"Oct 12, 2021 16:57:13"
Karya Indonesia Cerdas' Zoom Meeting,881 4198 1942,"Oct 08, 2021 10:07:15",613 MB(5 Files),0,0,
Testing 7  Oktober 2021,876 5670 1418,"Oct 07, 2021 21:57:13",2 MB(2 Files),0,0,
Testing 7  Oktober 2021,876 5670 1418,"Oct 07, 2021 21:50:06",3 MB(2 Files),0,0,
Review Tugas Biomedis,826 0062 1851,"Oct 07, 2021 17:57:09",465 MB(4 Files),1,0,"Oct 11, 2021 09:48:31"
Whatsapp Blast,838 1378 4050,"Oct 07, 2021 16:55:07",133 MB(2 Files),0,0,
Interview,854 4633 8274,"Oct 06, 2021 20:49:35",1.98 GB(5 Files),0,0,
Rapat PTPI,841 3771 3380,"Oct 06, 2021 18:58:33",817 MB(6 Files),0,0,
Karya Indonesia Cerdas' Zoom Meeting,845 9840 0707,"Oct 06, 2021 10:31:07",714 MB(5 Files),7,1,"Oct 26, 2021 11:56:08"
Interview,819 5190 7016,"Oct 05, 2021 19:03:49",1.79 GB(6 Files),0,0,
Meeting dengan Manufaktur TEERO,823 1763 7429,"Oct 05, 2021 15:03:19",7 MB(2 Files),0,0,
My Meeting,849 0264 4768,"Oct 02, 2021 17:10:38",20 MB(2 Files),0,0,
Webinar Series - Hospital Engineering Forum 2021,815 3199 4335,"Oct 02, 2021 06:53:46",9.12 GB(12 Files),3,3,"Nov 04, 2021 17:55:47"
GR,829 3381 8732,"Oct 01, 2021 18:39:11",2.94 GB(5 Files),1,0,"Oct 02, 2021 06:17:17"
Briefing teknikal,871 1519 1611,"Oct 01, 2021 14:27:06",345 MB(5 Files),0,0,
Zoom 2 dengan PT Ayari Persada,821 6878 0009,"Oct 01, 2021 13:25:49",905 MB(5 Files),0,0,
Zoom dengan PT. Ayari Persada,825 0131 5428,"Oct 01, 2021 10:29:03",813 MB(5 Files),1,0,"Oct 01, 2021 13:15:30"
Technical Meeting Exhibitor,819 8931 3646,"Oct 01, 2021 09:00:25",1.68 GB(6 Files),0,0,
Gladi Resik ,890 7645 3210,"Sep 30, 2021 19:04:02",1.87 GB(6 Files),0,0,
Pre-GR dengan MC,859 4930 7764,"Sep 30, 2021 18:29:23",655 MB(5 Files),0,0,
Karya Indonesia Cerdas' Zoom Meeting,843 5209 5105,"Sep 30, 2021 10:39:04",99 KB(2 Files),0,0,
Gladi MC,856 8470 4487,"Sep 29, 2021 18:58:47",1.64 GB(6 Files),0,0,
Zoom Penjelasan HEF 2021 dengan PANASONIC INDONESIA,878 2542 6908,"Sep 29, 2021 13:25:37",1.14 GB(5 Files),0,0,
Interview,852 8648 6014,"Sep 29, 2021 11:54:44",465 MB(4 Files),0,0,
GR Seminar VE,892 3060 8894,"Sep 28, 2021 18:26:59",9 MB(2 Files),0,0,
Zoom dengan PT. Bioteknologi Surabaya,897 0489 3633,"Sep 28, 2021 10:47:53",1.03 GB(5 Files),0,0,
Zoom penjelasan Forum Teknik Perumahsakitan 2021 dengan DAIKIN INDONESIA,868 5435 3899,"Sep 28, 2021 08:57:09",1.42 GB(5 Files),1,0,"Oct 18, 2021 13:07:06"
Zoom dengan PT. Indotech Scientific,827 8707 8330,"Sep 27, 2021 15:46:49",1.77 GB(5 Files),0,0,
Karya Indonesia Cerdas' Zoom Meeting,841 5866 2037,"Sep 27, 2021 12:56:00",198 KB(2 Files),0,0,
Persiapan/Gladi Kotor Webinar tanggal 2 Oktober 2021,858 4871 7941,"Sep 25, 2021 13:55:07",2.63 GB(6 Files),0,0,
Zoom Jam 13.00 persiapan,842 5272 1462,"Sep 25, 2021 12:59:40",545 MB(6 Files),0,0,
Meeting Admin Persiapan HEF 2021,838 6799 3260,"Sep 25, 2021 09:02:50",52 MB(2 Files),0,0,
Zoom Pengenalan Layanan dan Fasilitas Klinik Morula IVF Surabaya,811 0956 2052,"Sep 24, 2021 19:29:21",1.22 GB(5 Files),3,9,"Oct 04, 2021 16:49:42"
Meeting dengan dr. Vito Damay,885 3468 7832,"Sep 24, 2021 18:29:34",181 MB(5 Files),0,0,
Meeting dengan dr. Vito Damay,885 3468 7832,"Sep 24, 2021 18:29:04",627 KB(2 Files),0,0,
Zoom dengan dr. Renny dan Pak Jordi L.,846 7286 3392,"Sep 24, 2021 15:59:26",1.12 GB(5 Files),0,0,
Zoom penjelasan HEF 2021 PT. Kawan Abadi Selaras,891 7233 6215,"Sep 24, 2021 10:55:25",658 MB(5 Files),0,0,
Zoom penjelasan detil HEF 2021 PT. Matesu Abadi,893 9695 7685,"Sep 24, 2021 09:11:00",558 MB(5 Files),0,0,
Gladi Kotor Full Team,863 3425 7940,"Sep 23, 2021 18:34:59",5 MB(3 Files),0,0,
Gladi Kotor FULL TEAM VE,836 6559 0214,"Sep 23, 2021 18:33:47",1 MB(2 Files),0,0,
Karya Indonesia Cerdas' Zoom Meeting,865 1604 7555,"Sep 23, 2021 18:16:40",1 MB(2 Files),0,0,
Karya Indonesia Cerdas' Zoom Meeting,862 5837 0630,"Sep 23, 2021 17:48:17",4 MB(2 Files),0,0,
Karya Indonesia Cerdas' Zoom Meeting,823 5525 0101,"Sep 23, 2021 17:41:38",1 MB(2 Files),0,0,
Karya Indonesia Cerdas' Zoom Meeting,895 7674 8934,"Sep 23, 2021 17:27:56",19 MB(2 Files),0,0,
Zoom Penjelasan HEF 2021 kepada PT. Perdana Niaga Perkasa,816 2484 3207,"Sep 23, 2021 16:39:38",724 KB(2 Files),1,0,"Sep 27, 2021 18:44:25"
Zoom Penjelasan HEF 2021 kepada PT. Perdana Niaga Perkasa,816 2484 3207,"Sep 23, 2021 15:50:28",693 MB(5 Files),1,0,"Sep 27, 2021 18:52:04"
Interview,835 7722 2565,"Sep 22, 2021 18:53:44",813 MB(5 Files),0,0,
Zoom dengan PT Trias Inti Mitra Sejati,844 0094 2528,"Sep 22, 2021 15:55:21",509 MB(5 Files),0,0,
Karya Indonesia Cerdas' Zoom Meeting,851 0425 6656,"Sep 22, 2021 11:18:44",170 KB(2 Files),0,0,
Karya Indonesia Cerdas' Zoom Meeting,822 1777 2800,"Sep 22, 2021 10:03:25",277 KB(2 Files),0,1,"Sep 22, 2021 11:56:32"
Zoom Meeting dengan Dr. Daniel,849 1914 9027,"Sep 22, 2021 07:51:18",1.5 GB(5 Files),0,0,
Zoom Penjelasan detil Forum Teknik Perumahsakitan 2021,894 7409 6659,"Sep 21, 2021 16:55:51",649 MB(5 Files),0,0,
Zoom Penjelasan Detil HEF 2021 pada Legrand Indonesia,885 1325 7533,"Sep 21, 2021 15:49:48",1.18 GB(5 Files),0,0,
Zoom Penjelasan virtual Booth HEF 2021,861 3598 5032,"Sep 21, 2021 13:10:23",502 MB(5 Files),0,0,
Zoom Penjelasan Detil HEF 2021 pada Legrand Indonesia,885 1325 7533,"Sep 21, 2021 13:10:11",0 B,0,0,
Zoom Penjelasan virtual Booth HEF 2021,861 3598 5032,"Sep 21, 2021 13:09:52",337 KB(2 Files),0,0,
Zoom dengan Pak Calvin PT. Central Filter Gunatama,886 7431 5923,"Sep 20, 2021 11:28:00",972 MB(5 Files),1,0,"Sep 21, 2021 07:12:22"
Meeting dengan dr. Renny,895 8122 6932,"Sep 18, 2021 16:29:53",1.36 GB(5 Files),0,0,
Rapat Koordinasi Forum Teknik Perumahsakitan 2021,839 3836 1982,"Sep 18, 2021 13:48:16",2.41 GB(5 Files),0,0,
Zoom dengan Pak Yohannes,854 6522 8049,"Sep 18, 2021 10:56:35",2.84 GB(6 Files),0,0,
Gladi Kotor,868 6834 2326,"Sep 17, 2021 16:17:06",301 MB(8 Files),0,0,
Persiapan Gladi Kotor,871 4867 9064,"Sep 17, 2021 09:49:43",3 MB(4 Files),0,0,
Meeting dengan Pak Ari KONE,826 8411 7068,"Sep 16, 2021 16:19:20",822 MB(5 Files),1,0,"Sep 21, 2021 07:23:24"
Zoom Prof Eko dengan Selaras Lawang Sewu,860 3430 7590,"Sep 16, 2021 11:20:49",1.49 GB(6 Files),1,0,"Sep 21, 2021 06:59:02"
Gladi Kotor VE,816 0177 1957,"Sep 15, 2021 16:06:29",971 MB(6 Files),0,0,
Rapat Koordinasi Forum Teknik Perumahsakitan 2021,839 3836 1982,"Sep 15, 2021 15:49:28",28 MB(2 Files),0,0,
Diskusi dengan Socomec,818 5114 0848,"Sep 14, 2021 10:59:53",189 MB(4 Files),0,0,
Review Kontrak,882 7037 9619,"Sep 13, 2021 10:42:01",219 MB(4 Files),1,0,"Sep 21, 2021 07:50:32"
Interview calon karyawan KIC,884 2535 6867,"Sep 12, 2021 15:50:16",1.19 GB(9 Files),0,0,
Rapat Internal PTPI,810 9867 5348,"Sep 11, 2021 13:41:51",2.51 GB(5 Files),2,0,"Sep 13, 2021 20:53:04"
Meeting,830 7078 2043,"Sep 10, 2021 12:58:16",1.02 GB(6 Files),0,0,
Meeting dengan Kone,891 0054 5165,"Sep 08, 2021 20:02:18",1.29 GB(5 Files),0,0,
Interview,876 4164 8498,"Sep 03, 2021 14:57:37",568 MB(6 Files),0,0,
Zoom dengan RSIA Graha Waron,845 6280 5129,"Aug 31, 2021 11:47:47",747 MB(6 Files),0,0,
Zoom dengan RSIA Graha Waron,848 4855 9804,"Aug 30, 2021 13:07:18",275 MB(5 Files),0,0,
Rapat Internal PTPI,879 6288 0686,"Aug 28, 2021 13:42:58",2.53 GB(6 Files),0,0,
Karya Indonesia Cerdas' Zoom Meeting,897 8277 2557,"Aug 20, 2021 13:38:49",2.31 GB(6 Files),0,0,
Karya Indonesia Cerdas' Zoom Meeting,897 8277 2557,"Aug 20, 2021 09:58:07",772 MB(5 Files),0,0,
Meeting Klinik Altha Medika 2 Sukabumi,832 7632 2144,"Aug 19, 2021 15:05:38",2.13 GB(6 Files),0,0,
Meeting Klinik Altha Medika 2 Sukabumi,832 7632 2144,"Aug 19, 2021 09:25:41",2.18 GB(5 Files),0,0,
Zoom dengan RSIA Graha Waron,884 3262 8536,"Aug 18, 2021 18:24:46",4.36 GB(5 Files),0,0,
Zoom dengan RSIA Graha Waron,884 3262 8536,"Aug 18, 2021 18:22:50",5 MB(2 Files),0,0,
Diskusi Dengan RS Alta Medika,880 5198 1653,"Aug 18, 2021 14:49:04",1.33 GB(6 Files),0,0,
Zoom dengan RS Alta Medika,898 5016 8089,"Aug 16, 2021 14:55:44",1.7 GB(6 Files),0,0,
Workshop Perencanaan dan Pengelolaan Ruang Isolasi di Rumah Sakit Hari ke 2,815 3981 8827,"Aug 14, 2021 07:30:06",6.83 GB(12 Files),0,0,
GR Panitia 5 WS R. Isolasi,830 8734 7341,"Aug 13, 2021 19:29:17",2 MB(2 Files),0,0,
Workshop Perencanaan dan Pengelolaan Ruang Isolasi di Rumah Sakit Hari ke 1,880 0682 3918,"Aug 13, 2021 13:00:15",5.72 GB(16 Files),0,0,
GR Panitia 4 Ws R. Isolasi,832 0685 2312,"Aug 13, 2021 09:30:23",785 MB(6 Files),0,0,
GR PAnitia 3 WS R. Isolasi,830 8734 7341,"Aug 13, 2021 08:34:44",482 MB(6 Files),0,0,
Gladi Resik 2 Workshop Ruang Isolasi PTPI,896 8243 6421,"Aug 12, 2021 19:53:48",3.24 GB(6 Files),1,0,"Aug 13, 2021 03:33:51"
GR panitia ke 3,811 1237 1248,"Aug 12, 2021 17:10:03",3 MB(2 Files),0,0,
Zoom dengan RSIA Graha Waron,863 4675 4973,"Aug 12, 2021 14:54:04",1.29 GB(6 Files),0,0,
GR Panitia ke 2,848 8763 7401,"Aug 12, 2021 13:30:27","1,000 MB"(6 Files),0,0,
GR Media Workshop,844 1470 4507,"Aug 12, 2021 09:33:44",2.11 GB(6 Files),0,0,
Interview 2,828 6004 8968,"Aug 11, 2021 08:44:21",2.63 GB(6 Files),0,0,
Interview,871 4628 3347,"Aug 11, 2021 07:08:19",318 MB(3 Files),0,0,
Interview,863 9947 2101,"Aug 10, 2021 08:36:21",711 MB(6 Files),0,0,
Diskusi Dengan dr. Iyus,882 2268 6041,"Aug 09, 2021 21:10:13",178 MB(2 Files),0,0,
Gladi Resik,836 7563 6421,"Aug 09, 2021 19:27:56",2.5 GB(6 Files),0,0,
Diskusi dengan Pak M. Makkih terkait Asset/Building Monitoring System,883 5124 4116,"Aug 09, 2021 18:18:53",630 MB(3 Files),0,0,
Interview,819 5071 9107,"Aug 09, 2021 14:58:38",836 MB(5 Files),0,0,
Pelatihan Media Operator Workshop,815 7860 7485,"Aug 09, 2021 12:58:36",1.11 GB(6 Files),0,0,
Interview,893 0017 7391,"Aug 06, 2021 10:13:45",672 MB(6 Files),0,0,
Interview,825 0320 4918,"Aug 05, 2021 17:30:29",957 MB(6 Files),0,0,
Zoom dengan Mr. Henning,875 3111 1415,"Aug 03, 2021 19:19:16",1.13 GB(5 Files),0,0,
Meeting KP,867 7955 3049,"Jul 29, 2021 17:16:51",538 MB(6 Files),0,0,
Interview ,853 1396 1995,"Jul 29, 2021 15:59:33",1.59 GB(6 Files),0,0,
Interview,828 0149 4308,"Jul 28, 2021 17:46:22",281 MB(4 Files),0,0,
Zoom dengan RS Alta Medika,853 2710 3538,"Jul 28, 2021 10:39:10",2.51 GB(5 Files),0,0,
Interview,816 9586 4148,"Jul 27, 2021 18:45:28",2.24 GB(6 Files),0,0,
Interview 2,898 6726 0720,"Jul 27, 2021 15:48:40",929 MB(5 Files),0,0,
Persiapan WS Online PTPI Ruang Isolasi di Rumah Sakit,893 8246 7167,"Jul 26, 2021 18:50:44",2.06 GB(6 Files),0,0,
Interview,811 8713 6865,"Jul 24, 2021 09:51:56",694 MB(4 Files),0,0,
Diskusi dengan RSIA Graha Waron Surabaya,862 0645 4394,"Jul 22, 2021 10:49:06",2.21 GB(5 Files),3,0,"Aug 03, 2021 10:12:47"
Diskusi PTPI,825 4581 3802,"Jul 21, 2021 18:51:44",3.9 GB(5 Files),0,0,
Workshop Smart Hospital Hari 2,850 4431 8911,"Jul 17, 2021 07:18:54",4.59 GB(12 Files),2,0,"Jul 21, 2021 12:35:04"
Workshop Smart Hospital Hari 1,817 0599 0815,"Jul 16, 2021 12:59:04",3.51 GB(6 Files),11,0,"Oct 02, 2021 05:41:43"
Test breakout room,864 0863 7692,"Jul 16, 2021 11:36:36",195 MB(4 Files),0,0,
GR2 Panitia WS Smart Hospital,881 6511 7084,"Jul 16, 2021 10:31:43",1.14 GB(6 Files),0,0,
GR Panitia Workshop SMART RS,831 1078 7981,"Jul 16, 2021 08:33:40",1.36 GB(5 Files),0,0,
GR WORKSHOP SMART HOSPITAL,823 4111 6658,"Jul 15, 2021 19:02:13",3.47 GB(13 Files),0,0,
GR Panitia Workshop Smart RS,898 6688 6523,"Jul 15, 2021 18:35:29",416 KB(2 Files),0,0,
Diskusi dengan Ketua IAI Jawa Barat,820 0579 4495,"Jul 14, 2021 14:26:23",738 MB(3 Files),0,0,
Karya Indonesia Cerdas' Zoom Meeting,852 8899 6458,"Jul 14, 2021 14:02:36",500 MB(5 Files),0,0,
Karya Indonesia Cerdas' Zoom Meeting,898 8122 9746,"Jul 14, 2021 12:26:24",5 MB(2 Files),0,0,
Meeting with Mr. Henning,885 6211 6438,"Jul 12, 2021 20:53:43",2.57 GB(5 Files),0,0,
Meeting dengan dr. Iyus,840 1808 1248,"Jul 12, 2021 20:05:48",1.17 GB(6 Files),0,0,
Meeting dengan Pak Donny,897 1608 1418,"Jul 12, 2021 19:25:25",1.37 GB(5 Files),0,0,
Meeting Team Smart RS dengan Dr. Brian KSP,851 8322 4639,"Jul 11, 2021 14:52:37",1.07 GB(5 Files),2,1,"Jul 15, 2021 19:16:01"
"""Online Talkshow PTPI: Langkah Praktis Selamat dan Tepat Guna Untuk Menghadapi Lonjakan Kasus COVID-19 Ditengah Keterbatasan Ruang Isolasi, Oksigen, dan Tenaga Kesehatan""",875 2413 8687,"Jul 09, 2021 14:25:08",3.65 GB(6 Files),0,0,
GR Panitia talk show,875 7544 2909,"Jul 09, 2021 08:31:31",4.69 GB(6 Files),1,2,"Jul 12, 2021 10:02:48"
GR Talk Show PTPI,860 7969 8702,"Jul 08, 2021 20:33:48",134 MB(2 Files),0,0,
GR Talk Show PTPI,860 7969 8702,"Jul 08, 2021 18:31:18",119 KB(2 Files),0,0,
Contact Web Crawler Discussion with Dr. Nilashi,897 4560 0930,"Jul 06, 2021 09:24:20",220 MB(5 Files),2,1,"Jul 06, 2021 10:24:37"
Partisipasi PTPI dalam Situasi Darurat Covid,812 1390 5713,"Jul 05, 2021 17:45:31",1.26 GB(8 Files),0,0,
Zoom dengan Pak Danny BAKTI,863 4435 7925,"Jul 04, 2021 16:54:28",2.55 GB(5 Files),0,0,
Rapat Internal PTPI,847 4473 4679,"Jul 03, 2021 14:02:09",2.7 GB(6 Files),1,0,"Jul 09, 2021 21:00:47"
"Hari 2 Workshop Prinsip Dasar, Regulasi dan Implementasi Sistem Mekanikal dan Elektrikal di Rumah Sakit",832 3438 8042,"Jun 26, 2021 07:24:57",4.53 GB(8 Files),10,11,"Jul 04, 2021 07:28:51"
Karya Indonesia Cerdas' Zoom Meeting,811 5260 4549,"Jun 25, 2021 20:15:23",2 MB(2 Files),0,0,
Interview IT,831 9245 6707,"Jun 25, 2021 18:24:15",216 KB(2 Files),1,0,"Jun 26, 2021 13:27:43"
"Hari 1 Workshop Prinsip Dasar, Regulasi dan Implementasi Sistem Mekanikal dan Elektrikal di Rumah Sakit",896 2555 6838,"Jun 25, 2021 12:55:04",5.51 GB(6 Files),8,9,"Aug 09, 2021 13:05:13"
GR Panitia dan Koordinasi WS ME,833 3013 7670,"Jun 25, 2021 09:31:47",1.4 GB(5 Files),2,0,"Jul 01, 2021 22:37:24"
Gladi Resik Pembicara Workshop PTPI M&E,845 4416 5214,"Jun 24, 2021 18:50:30",2.7 GB(6 Files),0,0,
Interview Staf IT KIC,848 8474 7225,"Jun 23, 2021 18:34:51",1.58 GB(6 Files),2,0,"Jul 01, 2021 21:50:14"
Meeting Narasumber Workshop PTPI,897 7999 8099,"Jun 22, 2021 18:52:52",810 MB(6 Files),0,0,
"Workshop Penulisan Makalah Jurnal atau Proceeding Scopus dalam Bidang Kesehatan, Manajemen, Sains dan Teknologi (Sesi 2)",838 2327 8642,"Jun 19, 2021 07:20:57",4.34 GB(8 Files),0,0,
Gladi Resik Workshop Publikasi Hari ke-2,862 5472 7350,"Jun 18, 2021 21:03:21",265 MB(4 Files),0,0,
Meeting LSP PTPI,814 8241 7285,"Jun 18, 2021 19:42:51",562 MB(5 Files),1,1,"Jun 29, 2021 14:19:20"
Karya Indonesia Cerdas' Zoom Meeting,894 3759 6779,"Jun 18, 2021 19:30:48",181 KB(2 Files),0,0,
"Workshop Penulisan Makalah Jurnal atau Proceeding Scopus dalam Bidang Kesehatan, Manajemen, Sains, dan Teknologi (Sesi 1)",864 5275 2311,"Jun 18, 2021 13:01:29",3.3 GB(8 Files),0,0,
Gladi Resik Workshop Publikasi,896 6996 5551,"Jun 18, 2021 08:59:25",235 MB(5 Files),0,0,
tes Media dan MC untuk Workshop Publikasi,858 5437 7007,"Jun 17, 2021 18:52:45",489 KB(2 Files),0,0,
tes media workshop publikasi,852 3458 4974,"Jun 17, 2021 15:58:54",237 KB(2 Files),0,0,
Gladi Resik dengan Narasumber Workshop Publikasi,838 9286 3267,"Jun 16, 2021 18:34:18",750 MB(6 Files),3,0,"Jun 23, 2021 11:07:43"
"Workshop Penulisan Makalah Jurnal atau Proceeding Scopus dalam Bidang Kesehatan, Manajemen, Sains, dan Teknologi (Sesi 1)",864 5275 2311,"Jun 16, 2021 11:13:39",216 KB(2 Files),0,0,
diskusi UTS,871 6169 3052,"Jun 16, 2021 10:34:14",166 MB(3 Files),0,0,
Meeting Prof. Eko Supriyanto Dengan Rektor UMK,845 0073 2313,"Jun 16, 2021 08:47:33",769 MB(3 Files),5,0,"Jun 23, 2021 11:07:32"
Meeting Prof. Eko Supriyanto Dengan Rektor UMK,845 0073 2313,"Jun 15, 2021 13:49:34",577 KB(2 Files),0,0,
Meeting PTPI dan Persiapan Workshop Berikutnya,812 7437 5756,"Jun 12, 2021 15:21:13",2.06 GB(6 Files),0,0,
Zoom dengan Pak Setyo terkait Workshop ME PTPI,860 9502 2863,"Jun 07, 2021 20:32:20",1.24 GB(5 Files),0,0,
Meeting Akta PT TPI,873 6481 7103,"Jun 07, 2021 16:00:48",110 MB(4 Files),0,0,
Rapat PTPI & SMART RS,857 9973 6770,"Jun 05, 2021 13:54:38",276 KB(2 Files),1,0,"Jul 01, 2021 21:53:34"
Diskusi & Evaluasi WS Fisik Maya,868 1146 2255,"Jun 05, 2021 10:04:26",1.14 GB(7 Files),2,0,"Jun 08, 2021 11:45:32"
Seminar Online Perkumpulan Teknik Perumahsakitan Indonesia (PTPI),828 0424 2973,"Jun 04, 2021 13:40:59",4.87 GB(11 Files),8,2,"Nov 10, 2021 16:31:54"
GR PANITIA,868 9949 0180,"Jun 04, 2021 11:14:01",316 MB(6 Files),0,0,
GR PANITIA,852 2325 9083,"Jun 04, 2021 09:57:01",1.11 GB(5 Files),0,0,
Gladi Resik Seminar PTPI,835 3628 6264,"Jun 03, 2021 20:12:38",2.68 GB(8 Files),0,0,
Karya Indonesia Cerdas' Zoom Meeting,815 9891 4977,"Jun 03, 2021 17:38:24",329 KB(2 Files),0,0,
GR Panitia untuk Seminar Online PTPI,818 8195 1870,"Jun 03, 2021 09:59:21",383 KB(2 Files),0,0,
Karya Indonesia Cerdas' Zoom Meeting,835 5406 3510,"Jun 02, 2021 15:09:27",82 KB(2 Files),0,0,
Karya Indonesia Cerdas' Zoom Meeting,815 3199 9514,"Jun 02, 2021 09:59:52",120 KB(2 Files),0,0,
Karya Indonesia Cerdas' Zoom Meeting,882 6412 7683,"May 31, 2021 14:43:10",241 KB(2 Files),0,0,
Zoom Proposal dengan UTS,862 0639 5453,"May 29, 2021 18:55:40",1.92 GB(6 Files),1,0,"May 31, 2021 09:27:06"
PTPI Meeting,825 8635 3468,"May 29, 2021 13:08:35",3.89 GB(6 Files),0,0,
PTPI Meeting,825 8635 3468,"May 28, 2021 16:51:12",1 MB(2 Files),0,0,
Diskusi Proposal dengan UTS,811 9271 2423,"May 25, 2021 18:52:16",1.66 GB(8 Files),7,0,"Jul 16, 2021 21:42:15"
Meeting PTPI,839 7595 8288,"May 22, 2021 13:42:42",2.37 GB(6 Files),0,0,
Diskusi Proposal Dengan UTS,863 0079 9490,"May 21, 2021 18:41:34",2.16 GB(6 Files),33,6,"Aug 06, 2021 11:51:42"
Interview,868 3335 6236,"May 21, 2021 12:02:00",163 KB(2 Files),1,0,"May 21, 2021 21:07:42"
Pembahasan Revisi Akta Notaris,816 5229 2074,"May 21, 2021 10:32:30",368 MB(4 Files),0,0,
Meeting Internal,840 5927 1484,"May 20, 2021 20:08:27",114 KB(2 Files),0,0,
Zoom Test,814 7610 3906,"May 11, 2021 11:47:35",883 KB(2 Files),0,0,
Ngabuburit Online,847 9862 4230,"May 10, 2021 14:22:32",2.1 GB(6 Files),0,0,
GR seminar tes mic,810 8796 9558,"May 10, 2021 12:04:19",344 KB(2 Files),0,0,
Karya Indonesia Cerdas' Zoom Meeting,860 8372 3262,"May 10, 2021 12:01:03",641 KB(2 Files),0,0,
WORKSHOP ONLINE RENCANA INDUK (MASTER PLAN) RUMAH SAKIT DI ERA NEW NORMAL,820 5304 7373,"May 08, 2021 07:37:32",5.18 GB(6 Files),651,35,"Jul 22, 2021 19:09:54"
GR Pembicara Workshop PTPI,872 2794 6893,"May 07, 2021 20:39:51",1.91 GB(5 Files),0,0,
Diskusi Workshop Publikasi,823 2744 2579,"May 07, 2021 13:38:13",3.55 GB(6 Files),0,0,
Diskusi Workshop Publikasi,823 2744 2579,"May 07, 2021 13:34:37",2 MB(2 Files),0,0,
GR Panitia Workshop PTPI,823 0934 2772,"May 06, 2021 14:21:18",208 MB(5 Files),0,0,
Meeting With ITPLN,884 8867 4823,"May 03, 2021 12:52:43",1.53 GB(5 Files),0,0,
WORKSHOP ONLINE RENCANA INDUK (MASTER PLAN) RUMAH SAKIT DI ERA NEW NORMAL,892 6898 6934,"May 01, 2021 07:17:05",4.49 GB(8 Files),144,55,"Oct 08, 2021 10:46:37"
Gladi Resik Keseluruhan,873 6228 8554,"Apr 30, 2021 20:42:20",2.5 GB(7 Files),0,0,
test zoom,886 1575 6739,"Apr 30, 2021 20:13:44",389 KB(2 Files),0,0,
Gladi Resik,859 9931 1298,"Apr 30, 2021 15:18:45",979 KB(2 Files),0,0,
Joint Publication on Covid Health Risk Assessment,816 2548 6229,"Apr 30, 2021 12:35:51",259 MB(2 Files),0,0,
Meeting PTPI,884 6632 8936,"Apr 27, 2021 20:30:15",1.27 GB(7 Files),0,0,
Meeting ITPLN,811 1129 1081,"Apr 26, 2021 12:46:36",2.16 GB(6 Files),0,0,
Diskusi tentang SMART RS di Rayhan,886 9019 7646,"Apr 24, 2021 17:01:46",2.3 GB(6 Files),0,0,
Pengarahan dan Diskusi Project Perencanaan Instalasi Naik Daya untuk RSUD Tugu Koja,839 4152 6529,"Apr 14, 2021 08:50:36",648 MB(5 Files),0,1,"Apr 15, 2021 20:17:31"
PTPI Meeting,860 4048 4549,"Apr 07, 2021 19:54:15",309 KB(2 Files),0,0,
Smart RS Meeting  (RSU Rayhan Subang),840 2298 8501,"Apr 07, 2021 18:30:09",830 MB(7 Files),1,0,"Jul 01, 2021 22:21:57"
Update Progress SMART RS,859 5715 3450,"Apr 01, 2021 21:01:44",1.78 GB(5 Files),0,0,
Diskusi Perencanaan Rumah Sakit,897 8494 2324,"Apr 01, 2021 18:39:15",1.05 GB(7 Files),0,0,
Interview,821 3018 9122,"Mar 27, 2021 18:52:35",1.26 GB(5 Files),4,1,"Jul 01, 2021 21:55:12"
Topik Perencanaan Kerjasama Pembangunan Beberapa Rumah Sakit,875 6197 5316,"Mar 27, 2021 13:50:58",3.63 GB(6 Files),0,1,"Mar 28, 2021 12:18:24"
Progress Rumah Sakit Rayhan,849 3444 2811,"Mar 24, 2021 16:02:58",2.43 GB(6 Files),0,0,
Pembahasan Sistem Smart RS untuk Rumah Sakit Rayhan,894 0526 0721,"Mar 21, 2021 16:01:28",925 MB(5 Files),0,0,
PTPI Workshop 2021,830 6913 4304,"Mar 20, 2021 07:09:41",1.41 GB(6 Files),13,5,"Mar 24, 2021 14:44:59"
PTPI Workshop 2021,873 3929 8403,"Mar 19, 2021 12:42:49",6.05 GB(6 Files),13,4,"Mar 24, 2021 14:50:01"
Diskusi Kerjasama dengan dr. Budi,858 0033 5554,"Mar 18, 2021 11:52:03",212 MB(3 Files),1,0,"Mar 18, 2021 13:00:48"
Diskusi Kerjasama dengan dr. Budi,858 0033 5554,"Mar 18, 2021 11:51:38",542 KB(2 Files),0,0,
Gladi Resik Workshop PTPI,817 0090 9001,"Mar 17, 2021 19:14:12",1.51 GB(6 Files),1,2,"Mar 24, 2021 14:16:54"
Pertemuan Pembahasan SMART RS,870 4321 4841,"Mar 17, 2021 15:30:38","1,012 MB"(6 Files),758,5,"Mar 18, 2021 14:37:01"
 Meeting Keuangan PTPI,822 3291 2343,"Mar 12, 2021 20:14:46",433 MB(4 Files),1,1,"Mar 18, 2021 12:54:58"
Pembahasan Sistem Smart RS untuk Rumah Sakit Rayhan,824 4371 6994,"Mar 11, 2021 18:45:32",1.78 GB(5 Files),0,0,
Diskusi Tim Developer dengan dr. Iyus,812 0116 4199,"Mar 11, 2021 10:16:41",641 MB(4 Files),2,0,"Mar 15, 2021 09:31:11"
Manajemen Perubahan (2),846 5503 5593,"Mar 08, 2021 07:35:39",8.99 GB(12 Files),6,3,"Apr 08, 2021 14:17:19"
Manajemen Perubahan,851 9670 8726,"Mar 05, 2021 07:38:25",9.58 GB(12 Files),45,8,"Apr 07, 2021 13:53:34"
Diskusi Transformasi PT.PLN,885 8442 9997,"Feb 27, 2021 19:47:05",442 MB(3 Files),0,0,
Workshop Pembuatan Cetak Biru/Rencana Induk Sistem Fisik Maya Rumah Sakit - Hari Ke-10,815 0202 3319,"Feb 27, 2021 07:28:43",2.85 GB(7 Files),0,0,
Smart RS Meeting  (RSU Rayhan Subang),870 2696 1215,"Feb 25, 2021 16:21:06",1.68 GB(6 Files),1,0,"Mar 02, 2021 09:00:11"
Meeting dengan dr. Amiliana,878 7749 0731,"Feb 24, 2021 19:50:32",667 MB(5 Files),0,0,
Workshop Pembuatan Cetak Biru/Rencana Induk Sistem Fisik Maya Rumah Sakit - Hari Ke-9,895 0605 8189,"Feb 24, 2021 07:15:15",2.73 GB(6 Files),0,0,
Change Management  PLN UPDL,895 2637 8404,"Feb 23, 2021 14:57:30",734 MB(6 Files),2,0,"Feb 24, 2021 10:53:15"
Workshop Pembuatan Cetak Biru/Rencana Induk Sistem Fisik Maya Rumah Sakit - Hari Ke-8,875 0126 5691,"Feb 20, 2021 07:28:21",2.93 GB(5 Files),1,1,"Feb 22, 2021 21:49:34"
Workshop Pembuatan Cetak Biru/Rencana Induk Sistem Fisik Maya Rumah Sakit - Hari Ke-7,848 0052 1451,"Feb 17, 2021 07:15:35",3.06 GB(6 Files),1,1,"Feb 22, 2021 09:20:28"
Meeting Internship - 15 Feb 21,827 4472 2979,"Feb 15, 2021 17:07:50",85 MB(4 Files),1,0,"Jun 26, 2021 13:34:31"
Workshop Pembuatan Cetak Biru/Rencana Induk Sistem Fisik Maya Rumah Sakit - Hari 6,892 4157 2689,"Feb 13, 2021 07:11:19",2.85 GB(6 Files),2,1,"Jul 21, 2021 09:46:49"
Meeting Internship - 11 Feb 2021,868 0307 4758,"Feb 11, 2021 17:28:10",492 MB(4 Files),0,0,
Meeting KIC dengan Arrayan Group,860 2111 1977,"Feb 11, 2021 13:53:02",1.04 GB(5 Files),14,0,"Feb 25, 2021 09:57:49"
Meeting Dengan dr. Iyus,865 0362 5261,"Feb 11, 2021 11:34:41",1.72 GB(5 Files),6,1,"Mar 01, 2021 13:29:57"
Meeting Internship - 10 Feb 21,891 8602 3354,"Feb 10, 2021 17:02:41",375 MB(4 Files),0,0,
Workshop Pembuatan Cetak Biru/Rencana Induk Sistem Fisik Maya Rumah Sakit - Hari 5,816 0585 7710,"Feb 10, 2021 07:29:38",2.78 GB(6 Files),4,2,"Jul 21, 2021 09:49:49"
Meeting Internship,847 1652 4885,"Feb 09, 2021 16:52:24",549 MB(5 Files),0,0,
Workshop Pembuatan Cetak Biru/Rencana Induk Sistem Fisik Maya Rumah Sakit - Hari 4,898 4611 1938,"Feb 06, 2021 07:07:44",3.77 GB(6 Files),4,1,"Apr 09, 2021 14:33:05"
Interview,874 6811 1721,"Feb 05, 2021 18:42:05",1.63 GB(5 Files),5,1,"Jul 01, 2021 09:35:08"
MEETING DENGAN IEEE INDONESIA SECTION,817 5098 1228,"Feb 03, 2021 18:52:44",607 MB(3 Files),0,0,
Meeting Smart RS (RSU Rayhan),853 1158 8354,"Feb 03, 2021 15:52:26",1.11 GB(5 Files),0,1,"Feb 10, 2021 15:37:14"
Workshop Pembuatan Cetak Biru/Rencana Induk Sistem Fisik Maya Rumah Sakit - Hari 3,817 1511 0501,"Feb 03, 2021 07:04:11",3.1 GB(5 Files),3,1,"Apr 09, 2021 14:32:59"
TANYA JAWAB KONTRAK MAGANG,848 3214 9929,"Feb 02, 2021 18:55:02",759 MB(3 Files),0,0,
Karya Indonesia Cerdas' Zoom Meeting,893 6741 8661,"Feb 01, 2021 18:43:50",914 MB(4 Files),2,0,"Jul 01, 2021 22:06:44"
Meeting Penggunaan Sehat RI Dan Clockify,860 4527 6012,"Feb 01, 2021 10:31:37",230 MB(5 Files),0,0,
Pengenalan Internship KIC,813 8353 4682,"Feb 01, 2021 07:25:08",1.62 GB(6 Files),4,0,"Feb 01, 2021 16:05:10"
Workshop Pembuatan Cetak Biru/Rencana Induk Sistem Fisik Maya Rumah Sakit - Hari 2,896 1079 9884,"Jan 30, 2021 07:28:45",3.94 GB(6 Files),4,1,"Apr 09, 2021 14:09:49"
Karya Indonesia Cerdas' Zoom Meeting,872 5655 7353,"Jan 29, 2021 09:24:21",4.93 GB(6 Files),1,0,"Jul 01, 2021 21:59:21"
Karya Indonesia Cerdas' Zoom Meeting,818 8361 9971,"Jan 28, 2021 18:34:33",1.53 GB(5 Files),1,0,"Jul 01, 2021 21:59:05"
Workshop Pembuatan Cetak Biru/Rencana Induk Sistem Fisik Maya Rumah Sakit - Hari 1,863 5020 8829,"Jan 27, 2021 07:23:24",4.76 GB(6 Files),10,3,"Jun 11, 2021 13:32:18"
PLN PUSLITBANG,886 1530 0285,"Jan 18, 2021 14:56:45",313 MB(5 Files),0,0,
Meeting Bersama RS Subang,884 6491 0392,"Jan 15, 2021 08:41:20",2.18 GB(6 Files),6,1,"Feb 22, 2021 20:57:12"
Evaluasi Hasil Workshop dengan RS. Mitra Plumbon,873 9488 9203,"Jan 08, 2021 09:45:24",1.5 GB(5 Files),217,3,"Feb 04, 2021 15:50:32"
Sosialisasi Aplikasi SEHAT-RI,841 7590 7795,"Dec 29, 2020 14:02:24",566 MB(6 Files),1,0,"Dec 30, 2020 16:07:50"
Meeting KIC - Indonesia Power,893 6284 7761,"Dec 29, 2020 08:01:00",1.21 GB(6 Files),5,0,"Jan 29, 2021 13:53:40"
Karya Indonesia Cerdas' Personal Meeting Room,990 491 9154,"Dec 19, 2020 18:14:52",606 MB(6 Files),2,0,"Jul 01, 2021 21:58:55"
Presentasi Workshop (Ir. Donny Irawan),828 5191 2648,"Dec 18, 2020 18:45:02",1.27 GB(5 Files),1,0,"Dec 19, 2020 09:10:11"
Presentasi Workshop (Dr. Kelvin Kurniawan),889 5939 6814,"Dec 18, 2020 08:46:20",2.47 GB(5 Files),4,0,"Jan 22, 2021 11:14:10"
Meeting KIC,815 7321 3282,"Dec 16, 2020 10:23:41",95 MB(4 Files),0,0,
Presentasi Workshop (RSUD Ngudi Waluyo Wlingi),838 3076 8260,"Dec 16, 2020 07:45:19",2.05 GB(5 Files),6,0,"Dec 23, 2020 20:31:50"
Presentasi Pak Ova,846 1205 2853,"Dec 15, 2020 18:42:19",1.56 GB(6 Files),1,0,"Jan 08, 2021 14:49:20"
Karya Indonesia Cerdas' Personal Meeting Room,990 491 9154,"Dec 15, 2020 13:43:33",1.76 GB(5 Files),645,2,"Jun 07, 2021 09:34:34"
Karya Indonesia Cerdas' Personal Meeting Room,990 491 9154,"Dec 14, 2020 09:58:14",507 MB(3 Files),1,0,"Mar 23, 2021 14:25:01"
Karya Indonesia Cerdas' Personal Meeting Room,990 491 9154,"Dec 12, 2020 07:47:30",3.62 GB(6 Files),10,0,"Jul 01, 2021 22:15:56"
Sosialisasi Sehat RI,899 8563 7844,"Dec 11, 2020 13:49:15",642 MB(5 Files),3,0,"Feb 11, 2021 10:25:50"
Karya Indonesia Cerdas' Personal Meeting Room,990 491 9154,"Dec 10, 2020 20:03:21",1.77 GB(6 Files),6,0,"Jul 01, 2021 22:02:24"
Karya Indonesia Cerdas' Personal Meeting Room,990 491 9154,"Dec 07, 2020 21:05:20",614 MB(5 Files),4,0,"Jul 01, 2021 22:02:37"
Sosialisasi Sehat - RI,862 9423 1811,"Dec 07, 2020 10:48:51",786 MB(5 Files),7,6,"Dec 11, 2020 08:34:35"
Karya Indonesia Cerdas' Personal Meeting Room,990 491 9154,"Dec 05, 2020 07:34:23",2.83 GB(6 Files),7,0,"Jul 01, 2021 22:03:12"
Karya Indonesia Cerdas' Personal Meeting Room,990 491 9154,"Dec 04, 2020 19:26:37",381 MB(5 Files),0,0,
Karya Indonesia Cerdas' Personal Meeting Room,990 491 9154,"Dec 04, 2020 07:18:32",6.57 GB(12 Files),7,0,"Mar 23, 2021 14:44:57"
Karya Indonesia Cerdas' Personal Meeting Room,990 491 9154,"Dec 03, 2020 18:58:10",680 MB(6 Files),1,0,"Mar 23, 2021 14:46:22"
Karya Indonesia Cerdas' Personal Meeting Room,990 491 9154,"Dec 03, 2020 07:20:03",7.38 GB(12 Files),7,0,"Mar 23, 2021 14:51:12"
Karya Indonesia Cerdas' Personal Meeting Room,990 491 9154,"Dec 02, 2020 13:52:26",232 MB(5 Files),1,0,"Mar 23, 2021 14:51:44"
Karya Indonesia Cerdas' Personal Meeting Room,990 491 9154,"Dec 02, 2020 08:04:56",2.28 GB(6 Files),6,0,"Mar 23, 2021 14:51:56"
Karya Indonesia Cerdas' Personal Meeting Room,990 491 9154,"Nov 30, 2020 19:27:34",598 MB(5 Files),1,0,"Mar 23, 2021 14:52:28"
Karya Indonesia Cerdas' Personal Meeting Room,990 491 9154,"Nov 30, 2020 13:32:20",732 MB(6 Files),2,0,"Mar 23, 2021 14:52:42"
Karya Indonesia Cerdas' Personal Meeting Room,990 491 9154,"Nov 28, 2020 20:12:49",3 MB(4 Files),0,0,
Karya Indonesia Cerdas' Personal Meeting Room,990 491 9154,"Nov 28, 2020 18:46:53",757 MB(6 Files),1,1,"Jun 07, 2021 09:34:47"
Karya Indonesia Cerdas' Personal Meeting Room,990 491 9154,"Nov 28, 2020 13:53:28",2.93 GB(6 Files),8,0,"Mar 23, 2021 16:47:36"
Karya Indonesia Cerdas' Personal Meeting Room,990 491 9154,"Nov 28, 2020 07:48:57",1.48 GB(6 Files),12,0,"Feb 14, 2021 09:14:40"
Karya Indonesia Cerdas' Personal Meeting Room,990 491 9154,"Nov 26, 2020 19:02:25",1.06 GB(6 Files),1,0,"Nov 26, 2020 22:47:16"
Karya Indonesia Cerdas' Personal Meeting Room,990 491 9154,"Nov 26, 2020 13:46:40",553 MB(5 Files),1,0,"Feb 14, 2021 07:39:44"
Karya Indonesia Cerdas' Personal Meeting Room,990 491 9154,"Nov 25, 2020 21:14:26",46 MB(2 Files),1,0,"Nov 27, 2020 10:06:23"
Karya Indonesia Cerdas' Personal Meeting Room,990 491 9154,"Nov 25, 2020 14:50:45",741 MB(5 Files),1,0,"Nov 26, 2020 22:30:56"
Karya Indonesia Cerdas' Personal Meeting Room,990 491 9154,"Nov 25, 2020 07:30:11",2.67 GB(6 Files),19,6,"Feb 14, 2021 07:44:10"
Karya Indonesia Cerdas' Personal Meeting Room,990 491 9154,"Nov 24, 2020 14:03:06",603 MB(5 Files),1,0,"Feb 14, 2021 07:45:32"
Karya Indonesia Cerdas' Personal Meeting Room,990 491 9154,"Nov 23, 2020 13:58:40",971 MB(6 Files),1,0,"Feb 14, 2021 07:46:23"
Karya Indonesia Cerdas' Personal Meeting Room,990 491 9154,"Nov 18, 2020 19:03:29",659 MB(6 Files),6,0,"Dec 03, 2020 16:30:40"
Karya Indonesia Cerdas' Personal Meeting Room,990 491 9154,"Nov 18, 2020 07:32:02",2.95 GB(6 Files),14,7,"Apr 09, 2021 09:09:02"
Karya Indonesia Cerdas' Personal Meeting Room,990 491 9154,"Nov 16, 2020 18:59:17",281 MB(4 Files),0,0,
Karya Indonesia Cerdas' Personal Meeting Room,990 491 9154,"Nov 16, 2020 17:03:33",673 MB(6 Files),1,0,"Nov 29, 2020 02:28:00"
Karya Indonesia Cerdas' Personal Meeting Room,990 491 9154,"Nov 16, 2020 16:37:39",3 MB(3 Files),1,0,"Feb 11, 2021 10:22:59"
Karya Indonesia Cerdas' Personal Meeting Room,990 491 9154,"Nov 15, 2020 13:01:56",974 MB(6 Files),2,0,"Feb 13, 2021 15:13:23"
Karya Indonesia Cerdas' Personal Meeting Room,990 491 9154,"Nov 14, 2020 19:43:47",117 MB(4 Files),0,0,
Karya Indonesia Cerdas' Personal Meeting Room,990 491 9154,"Nov 14, 2020 13:55:04",1 MB(3 Files),0,0,
Karya Indonesia Cerdas' Personal Meeting Room,990 491 9154,"Nov 13, 2020 19:45:50",1.28 GB(6 Files),0,0,
Karya Indonesia Cerdas' Personal Meeting Room,990 491 9154,"Nov 13, 2020 13:58:40",830 MB(6 Files),1,0,"Feb 14, 2021 09:16:27"
Karya Indonesia Cerdas' Personal Meeting Room,990 491 9154,"Nov 12, 2020 18:54:05",1.38 GB(12 Files),4,0,"Nov 29, 2020 02:00:57"
Sosialisasi Sehat-RI,828 8643 3959,"Nov 12, 2020 16:06:41",768 MB(6 Files),0,0,
Karya Indonesia Cerdas' Personal Meeting Room,990 491 9154,"Nov 11, 2020 19:53:59",57 MB(2 Files),3,0,"Nov 29, 2020 03:02:47"
Karya Indonesia Cerdas' Personal Meeting Room,990 491 9154,"Nov 11, 2020 16:47:12",646 MB(6 Files),1,0,"Nov 29, 2020 03:03:10"
Karya Indonesia Cerdas' Personal Meeting Room,990 491 9154,"Nov 11, 2020 07:38:36",4.86 GB(6 Files),39,8,"Apr 09, 2021 09:09:31"
Karya Indonesia Cerdas' Personal Meeting Room,990 491 9154,"Nov 07, 2020 07:30:22",4.63 GB(6 Files),37,9,"Nov 15, 2021 19:12:40"
Karya Indonesia Cerdas' Personal Meeting Room,990 491 9154,"Nov 06, 2020 19:44:41",1.35 GB(5 Files),2,0,"Nov 30, 2020 09:23:30"
Karya Indonesia Cerdas' Personal Meeting Room,990 491 9154,"Nov 06, 2020 18:45:35",293 MB(6 Files),1,0,"Nov 30, 2020 09:24:24"
Karya Indonesia Cerdas' Personal Meeting Room,990 491 9154,"Nov 06, 2020 17:15:05",643 MB(6 Files),0,0,
Karya Indonesia Cerdas' Personal Meeting Room,990 491 9154,"Nov 04, 2020 20:03:34",600 MB(5 Files),7,0,"Nov 29, 2020 02:43:03"
Karya Indonesia Cerdas' Personal Meeting Room,990 491 9154,"Nov 04, 2020 16:59:39",1.42 GB(5 Files),3,0,"Nov 09, 2020 10:53:10"
Karya Indonesia Cerdas' Personal Meeting Room,990 491 9154,"Nov 04, 2020 07:27:36",4.03 GB(6 Files),60,14,"Feb 14, 2021 08:06:15"
Karya Indonesia Cerdas' Personal Meeting Room,990 491 9154,"Nov 03, 2020 20:00:18",454 MB(4 Files),4,0,"Nov 29, 2020 20:43:06"
Karya Indonesia Cerdas' Personal Meeting Room,990 491 9154,"Nov 03, 2020 14:05:29",1.26 GB(6 Files),0,0,
Karya Indonesia Cerdas' Personal Meeting Room,990 491 9154,"Nov 02, 2020 19:53:53",314 MB(5 Files),0,0,
Karya Indonesia Cerdas' Personal Meeting Room,990 491 9154,"Oct 31, 2020 19:57:52",991 MB(6 Files),2,0,"Nov 16, 2020 17:10:19"
Rapat Rutin PTPI,895 6534 4491,"Oct 31, 2020 15:38:51",2.01 GB(6 Files),0,0,
Karya Indonesia Cerdas' Personal Meeting Room,990 491 9154,"Oct 30, 2020 20:56:27",1.13 GB(6 Files),2,0,"Nov 03, 2020 09:46:48"
Pendampingan Pak Yogi &  Pundori 30 Oktober 2020,899 5963 8484,"Oct 30, 2020 18:58:32",1.23 GB(12 Files),4,1,"Nov 06, 2020 10:59:30"
Karya Indonesia Cerdas' Personal Meeting Room,990 491 9154,"Oct 30, 2020 07:48:24",658 MB(3 Files),2,0,"Feb 13, 2021 15:29:18"
Karya Indonesia Cerdas' Personal Meeting Room,990 491 9154,"Oct 29, 2020 19:59:04",251 MB(4 Files),3,0,"Nov 16, 2020 17:09:14"
Karya Indonesia Cerdas' Personal Meeting Room,990 491 9154,"Oct 29, 2020 18:52:19",631 MB(5 Files),2,0,"Nov 06, 2020 00:13:31"
Karya Indonesia Cerdas' Personal Meeting Room,990 491 9154,"Oct 29, 2020 16:11:58",386 MB(5 Files),4,0,"Nov 06, 2020 15:22:18"
Karya Indonesia Cerdas' Personal Meeting Room,990 491 9154,"Oct 28, 2020 20:43:56",620 MB(5 Files),1,0,"Nov 01, 2020 09:47:41"
Karya Indonesia Cerdas' Personal Meeting Room,990 491 9154,"Oct 28, 2020 19:59:35",478 MB(5 Files),1,0,"Nov 01, 2020 09:45:44"
Karya Indonesia Cerdas' Personal Meeting Room,990 491 9154,"Oct 27, 2020 19:57:59",1.27 GB(11 Files),2,0,"Nov 02, 2020 17:38:18"
Meeting Aplikasi Sehat-RI,890 1893 8793,"Oct 27, 2020 14:47:12",2.13 GB(6 Files),0,0,
Karya Indonesia Cerdas' Personal Meeting Room,990 491 9154,"Oct 26, 2020 20:04:21",2.05 GB(5 Files),3,0,"Nov 05, 2020 19:37:07"
Karya Indonesia Cerdas' Personal Meeting Room,990 491 9154,"Oct 26, 2020 18:48:37",1.45 GB(5 Files),2,0,"Nov 01, 2020 10:04:31"
Karya Indonesia Cerdas' Personal Meeting Room,990 491 9154,"Oct 24, 2020 18:48:37",1.01 GB(5 Files),4,0,"Oct 28, 2020 11:04:02"
Rapat Rutin PTPI,817 2069 4102,"Oct 24, 2020 13:55:24",1.95 GB(6 Files),1,0,"Feb 14, 2021 07:25:47"
Karya Indonesia Cerdas' Personal Meeting Room,990 491 9154,"Oct 23, 2020 20:01:59",624 MB(4 Files),1,0,"Oct 25, 2020 02:07:15"
Pendampingan Pak Atang 10/23/2020,874 9933 3296,"Oct 23, 2020 18:48:29",1.13 GB(6 Files),4,0,"Oct 25, 2020 22:55:43"
Karya Indonesia Cerdas' Personal Meeting Room,990 491 9154,"Oct 22, 2020 18:41:24",1.09 GB(5 Files),10,0,"Oct 25, 2020 22:27:21"
Karya Indonesia Cerdas' Personal Meeting Room,990 491 9154,"Oct 19, 2020 19:24:20",880 MB(6 Files),2,0,"Nov 10, 2020 16:54:32"
Rapat Rutin PTPI,873 1511 9901,"Oct 17, 2020 13:51:53",3.31 GB(5 Files),7,0,"Oct 22, 2020 20:42:24"
Pendampingan Pak Atang dan Pak Yondha,847 5738 9513,"Oct 16, 2020 19:01:17",1.6 GB(6 Files),4,0,"Nov 06, 2020 15:24:14"
Pendampingan Pak Ridwan 10/16/2020,839 3121 1154,"Oct 16, 2020 14:04:14",444 MB(5 Files),1,0,"Nov 03, 2020 10:30:18"
Pendampingan pak Agung 10/15/2020,873 5822 5097,"Oct 15, 2020 19:03:41",742 MB(5 Files),0,0,
Meeting 10/15/2020,824 5534 8557,"Oct 15, 2020 16:21:52",328 MB(4 Files),1,0,"Feb 13, 2021 20:41:08"
Pendampingan Pak Andiek 10/14/2020,890 7959 6000,"Oct 14, 2020 19:45:18",1.68 GB(5 Files),1,0,"Nov 02, 2020 16:32:54"
Pendampingan Pak Meky 10/13/2020,810 7653 7591,"Oct 13, 2020 20:01:06",537 MB(5 Files),0,0,
Kelanjutan Pembahasan Jurnal,898 9593 5860,"Oct 11, 2020 15:18:07",2.35 GB(5 Files),1,8,"Oct 12, 2020 10:30:43"
Pendampingan Bu Netha 10102020,846 0325 8043,"Oct 10, 2020 19:59:29",38 MB(2 Files),1,0,"Oct 13, 2020 15:12:08"
Rapat Rutin PTPI 10/10/2020,831 8693 7348,"Oct 10, 2020 14:03:55",2.66 GB(6 Files),1,0,"Feb 14, 2021 09:42:03"
"Perencanaan workshop, seminar, sehat RI , sponshorship dan keanggotaan",894 3778 1118,"Oct 10, 2020 12:47:52",445 MB(5 Files),0,0,
Pendampingan 09102020,862 6442 8094,"Oct 09, 2020 19:14:15",1.4 GB(5 Files),5,0,"Nov 05, 2020 15:29:26"
Pendampingan 08102020,820 3150 4200,"Oct 08, 2020 16:30:31",907 MB(5 Files),1,0,"Nov 10, 2020 17:01:52"
Karya Indonesia Cerdas' Personal Meeting Room,990 491 9154,"Oct 07, 2020 21:52:46",126 MB(4 Files),1,0,"Oct 08, 2020 00:34:18"
Karya Indonesia Cerdas' Personal Meeting Room,990 491 9154,"Oct 07, 2020 19:51:05",332 MB(4 Files),0,0,
Karya Indonesia Cerdas' Zoom Meeting,876 2261 4646,"Oct 07, 2020 19:08:43",344 MB(5 Files),1,0,"Nov 02, 2020 17:22:07"
Pendampingan 06102020,874 1264 8299,"Oct 06, 2020 14:02:23",387 MB(6 Files),1,0,"Nov 02, 2020 16:59:57"
Karya Indonesia Cerdas' Personal Meeting Room,990 491 9154,"Oct 01, 2020 18:52:32",818 MB(10 Files),4,0,"Nov 06, 2020 15:18:55"
Karya Indonesia Cerdas' Personal Meeting Room,990 491 9154,"Sep 30, 2020 16:54:04",311 MB(6 Files),2,0,"Oct 04, 2020 23:14:59"
Karya Indonesia Cerdas' Personal Meeting Room,990 491 9154,"Sep 28, 2020 19:53:19",379 MB(5 Files),1,0,"Oct 04, 2020 23:33:13"
Rapat Rutin PTPI,874 6597 8218,"Sep 26, 2020 13:50:49",4.13 GB(6 Files),7,0,"Feb 14, 2021 09:43:18"
Karya Indonesia Cerdas' Personal Meeting Room,990 491 9154,"Sep 25, 2020 20:10:37",762 MB(5 Files),1,0,"Oct 04, 2020 23:46:04"
Karya Indonesia Cerdas' Personal Meeting Room,990 491 9154,"Sep 25, 2020 16:57:58",719 MB(6 Files),0,0,
Karya Indonesia Cerdas' Personal Meeting Room,990 491 9154,"Sep 22, 2020 20:03:58",403 MB(5 Files),0,0,
Rapat Rutin PTPI,820 0146 4547,"Sep 19, 2020 13:59:45",1.52 GB(6 Files),1,0,"Feb 14, 2021 08:31:17"
Meeting ITTP Covid,899 8171 0085,"Sep 18, 2020 17:14:33",356 MB(3 Files),0,0,
Meeting Internal,867 5321 7888,"Sep 18, 2020 13:02:29",224 MB(5 Files),1,0,"Sep 19, 2020 15:55:51"
Karya Indonesia Cerdas' Personal Meeting Room,990 491 9154,"Sep 17, 2020 19:54:22",986 MB(5 Files),0,1,"Sep 21, 2020 17:14:31"
Briefing Seminar,814 3308 6178,"Sep 17, 2020 19:18:53",151 MB(4 Files),0,1,"Jun 07, 2021 09:35:23"
Karya Indonesia Cerdas' Personal Meeting Room,990 491 9154,"Sep 17, 2020 17:04:06",297 MB(6 Files),2,1,"Sep 21, 2020 19:02:45"
Karya Indonesia Cerdas' Personal Meeting Room,990 491 9154,"Sep 16, 2020 20:52:06",269 MB(5 Files),1,0,"Oct 03, 2020 21:44:33"
Pertemuan Persiapan Pembuatan SEHAT RI,889 6219 8599,"Sep 15, 2020 20:56:56",378 MB(5 Files),1,0,"Sep 16, 2020 08:34:31"
Zoom Meeting - ITTP Covid19,846 3766 6065,"Sep 13, 2020 18:52:34",835 MB(5 Files),0,0,
Zoom Meeting - Neni Gate,823 2382 2278,"Sep 13, 2020 14:04:16",588 MB(5 Files),0,0,
Karya Indonesia Cerdas' Personal Meeting Room,990 491 9154,"Sep 10, 2020 19:58:49",1.06 GB(6 Files),1,0,"Oct 03, 2020 21:22:25"
Karya Indonesia Cerdas' Personal Meeting Room,990 491 9154,"Sep 09, 2020 19:01:26",883 MB(6 Files),0,0,
Meeting Persiapan Seminar Grounding,817 8167 7043,"Sep 06, 2020 21:04:28",141 MB(4 Files),0,0,
Zoom Meeting - Rapat Rutin PTPI,813 7153 4558,"Sep 05, 2020 14:04:57",3.97 GB(6 Files),2,0,"Feb 14, 2021 08:25:10"
Karya Indonesia Cerdas' Personal Meeting Room,990 491 9154,"Sep 04, 2020 21:44:13",207 MB(4 Files),1,0,"Oct 04, 2020 23:24:14"
Karya Indonesia Cerdas' Personal Meeting Room,990 491 9154,"Sep 02, 2020 16:57:33",346 MB(6 Files),1,0,"Oct 04, 2020 23:38:49"
Meeting Zoom,819 9507 4989,"Aug 31, 2020 20:01:47",322 MB(4 Files),0,0,
Meeting Persiapan Seminar Grounding,821 4496 2250,"Aug 29, 2020 20:58:23",1.64 GB(6 Files),6,0,"Sep 02, 2020 08:50:45"
Karya Indonesia Cerdas' Personal Meeting Room,990 491 9154,"Aug 29, 2020 19:28:20",840 KB(3 Files),3,1,"Aug 29, 2020 23:33:04"
Gladi Resik Seminar 4 PTPI,878 7844 3865,"Aug 27, 2020 21:08:10",143 MB(2 Files),2,3,"Jun 07, 2021 09:35:32"
Karya Indonesia Cerdas' Personal Meeting Room,990 491 9154,"Jul 21, 2020 19:59:45",116 MB(2 Files),3,5,"Aug 28, 2020 10:40:59"
